split,horizon,model,mae,rmse,wape,bias_pct,n_obs,skill_vs_naive
validation,h1,lightgbm_quantile,1.0888440799175465,5.344007552019364,0.45592534032625276,-0.1428027924961775,16620,0.12390643840871307
validation,h1,naive,1.2428399518652227,5.912773502628142,0.5204071349390306,0.005643454600423259,16620,0.0
validation,h1,seasonal_naive,2.2606688295482904,9.669617230251967,1.1450511945392492,0.5505625079003919,8014,-1.0468873573607502
validation,h1,moving_average_4,1.2848375451263538,6.036776829448641,0.5379925425778495,0.014851859316738889,16620,-0.033791634391944214
validation,h2,lightgbm_quantile,1.2036183169035468,5.888281152792206,0.5060432176436969,-0.16124779794819666,16587,0.1694643055795353
validation,h2,naive,1.4492072104660276,6.77525953730139,0.6092973740241305,0.011761127446010341,16587,0.0
validation,h2,seasonal_naive,2.2602353518019123,9.661537415021902,1.1483465155383945,0.5517219904091674,8158,-0.7912376141441617
validation,h2,moving_average_4,1.352384397419666,6.35485593440693,0.5685896785967758,0.02101287640677279,16587,0.06681088276894909
validation,h3,lightgbm_quantile,1.2507807196432905,6.253578838213508,0.5281641324753137,-0.18411561301227877,16555,0.17374905974643173
validation,h3,naive,1.5138024765931744,7.347996560843625,0.6392296900905496,0.018084428006631806,16555,0.0
validation,h3,seasonal_naive,2.258010118043845,9.661906912919891,1.1523235800344234,0.5538480452421932,8302,-0.5977158442001194
validation,h3,moving_average_4,1.396707943219571,6.607806010456209,0.5897844662670578,0.02744547889299834,16555,0.07735126291847905
validation,h4,lightgbm_quantile,1.2797574070201005,6.389302898804713,0.541746045198635,-0.19592580818467686,16523,0.1509904586769003
validation,h4,naive,1.5073533861889488,7.279174583575298,0.6380918220946915,0.02259684361549498,16523,0.0
validation,h4,seasonal_naive,2.255150367037651,9.642736049115184,1.1492789476859953,0.5444397514028843,8446,-0.570757050964869
validation,h4,moving_average_4,1.456242813048478,6.870937037050515,0.6164557286329165,0.03199938511990162,16523,0.033907492170561326
test,h1,lightgbm_quantile,1.874456184701383,6.455789988227413,0.4080941169592563,-0.1505320250754412,22104,0.1220710364317632
test,h1,naive,2.135088671733623,7.0465529725382945,0.4648372862658577,-0.003821605862422189,22104,0.0
test,h1,seasonal_naive,4.139225342739252,12.554192390297652,0.7448801168890273,-0.19042372272389757,15026,-0.6852087679843932
test,h1,moving_average_4,2.1831606647363975,7.411555949473117,0.4753032004307514,-0.011025694061408346,22104,-0.02251522086140878
test,h2,lightgbm_quantile,2.088470344052019,7.320687576093728,0.45271633835199404,-0.1810400742988644,21957,0.15524752515750173
test,h2,naive,2.4722867422689805,8.325559064358181,0.5359159657228606,-0.006515815661651463,21957,0.0
test,h2,seasonal_naive,4.139225342739252,12.554192390297652,0.7448801168890273,-0.19042372272389757,15026,-0.45463900647847133
test,h2,moving_average_4,2.2915129571435076,7.826292053075058,0.496729751609209,-0.014121714120233254,21957,0.07312007221280692
test,h3,lightgbm_quantile,2.1710662422351876,7.6948532174352735,0.4684456499554757,-0.2086158990563093,21810,0.15772608874116034
test,h3,naive,2.5776249426868407,8.783038758331484,0.5561678258030688,-0.009398403260751278,21810,0.0
test,h3,seasonal_naive,4.139225342739252,12.554192390297652,0.7448801168890273,-0.19042372272389757,15026,-0.39066273141937224
test,h3,moving_average_4,2.3813885068011618,8.121261587197562,0.513826370270707,-0.017930339694568382,21810,0.07613071732659749
test,h4,lightgbm_quantile,2.2351780616880936,7.979286163045179,0.48047811334394275,-0.2298975942823039,21663,0.13950947467880126
test,h4,naive,2.597562664450907,8.990059495710634,0.5583769945225053,-0.012135825990315154,21663,0.0
test,h4,seasonal_naive,4.139225342739252,12.554192390297652,0.7448801168890273,-0.19042372272389757,15026,-0.3714966151403558
test,h4,moving_average_4,2.4611895859299264,8.39973046517269,0.5290619790426292,-0.02096646688364955,21663,0.05250039985072252
